country,loans,borrowers,total_outstanding,median_outstanding,pct_late_any
Netherlands,5904,3113,640990892.234,1116.038,0.9803856478942354
Estonia,5925,3083,514524302.435,818.4,0.9794046563073464
